,Departamento,Municipio,Barrio,Edad,Sexo,Mes,Dia,Hora
2257,AMAZONAS,LETICIA (CT),CENTRO (Leticia),54.0,MASCULINO,01,15,11
3005,AMAZONAS,LETICIA (CT),PUNTA BRAVA,43.0,FEMENINO,01,19,11
4796,AMAZONAS,LETICIA (CT),VICTORIA REGIA,30.0,MASCULINO,01,29,14
5028,AMAZONAS,LETICIA (CT),CENTRO (Leticia),21.0,MASCULINO,01,30,21
6627,AMAZONAS,LETICIA (CT),VICTORIA REGIA,18.0,MASCULINO,02,07,7
8423,AMAZONAS,LETICIA (CT),SAN MARTIN,30.0,MASCULINO,02,17,15
9056,AMAZONAS,LETICIA (CT),PUERTO CIVIL,40.0,FEMENINO,02,20,5
10824,AMAZONAS,LETICIA (CT),SAN ANTONIO,23.0,MASCULINO,03,02,19
11722,AMAZONAS,LETICIA (CT),ONCE DE NOVIEMBRE,44.0,MASCULINO,03,07,15
12226,AMAZONAS,LETICIA (CT),AGUILA,45.0,MASCULINO,03,10,4
15509,AMAZONAS,LETICIA (CT),PUERTO CIVIL,35.0,MASCULINO,03,30,10
15510,AMAZONAS,LETICIA (CT),COLOMBIA,24.0,FEMENINO,03,30,20
16041,AMAZONAS,LETICIA (CT),VICTORIA REGIA,19.0,MASCULINO,04,03,13
25381,AMAZONAS,LETICIA (CT),CENTRO (Leticia),83.0,MASCULINO,05,26,17
25690,AMAZONAS,LETICIA (CT),CENTRO (Leticia),65.0,MASCULINO,05,28,15
28620,AMAZONAS,LETICIA (CT),IANE,48.0,MASCULINO,06,15,16
32904,AMAZONAS,LETICIA (CT),VICTORIA REGIA,20.0,MASCULINO,07,10,14
33194,AMAZONAS,LETICIA (CT),CENTRO (Leticia),46.0,FEMENINO,07,12,11
34404,AMAZONAS,LETICIA (CT),CENTRO (Leticia),36.0,MASCULINO,07,19,12
34405,AMAZONAS,LETICIA (CT),CENTRO (Leticia),46.0,FEMENINO,07,19,9
34857,AMAZONAS,LETICIA (CT),VICTORIA REGIA,51.0,MASCULINO,07,22,9
35712,AMAZONAS,LETICIA (CT),SAN MARTIN,50.0,FEMENINO,07,27,22
35902,AMAZONAS,LETICIA (CT),PORVENIR,60.0,FEMENINO,07,28,12
38277,AMAZONAS,LETICIA (CT),CENTRO (Leticia),35.0,FEMENINO,08,11,15
44575,AMAZONAS,LETICIA (CT),CENTRO (Leticia),49.0,MASCULINO,09,17,17
44576,AMAZONAS,LETICIA (CT),VICTORIA REGIA,46.0,FEMENINO,09,17,21
45623,AMAZONAS,LETICIA (CT),CENTRO (Leticia),23.0,FEMENINO,09,23,9
46989,AMAZONAS,LETICIA (CT),VICTORIA REGIA,44.0,MASCULINO,10,01,9
48751,AMAZONAS,LETICIA (CT),VICTORIA REGIA,21.0,MASCULINO,10,11,5
51036,AMAZONAS,LETICIA (CT),VICTORIA REGIA,30.0,MASCULINO,10,25,10
52273,AMAZONAS,LETICIA (CT),GAITAN,24.0,MASCULINO,11,02,16
55303,AMAZONAS,LETICIA (CT),PORVENIR,26.0,FEMENINO,11,21,17
55410,AMAZONAS,LETICIA (CT),IANE,49.0,MASCULINO,11,22,10
60933,AMAZONAS,LETICIA (CT),AFASINTE,26.0,MASCULINO,12,28,21
67717,AMAZONAS,LETICIA (CT),CENTRO (Leticia),40,FEMENINO,01,01,12
67718,AMAZONAS,LETICIA (CT),PORVENIR,30,MASCULINO,01,07,8
67719,AMAZONAS,LETICIA (CT),ESPERANZA,30,FEMENINO,01,16,9
67720,AMAZONAS,LETICIA (CT),JOSE MARIA HERNANDEZ,29,FEMENINO,01,26,7
67721,AMAZONAS,LETICIA (CT),LOS LAGOS,35,MASCULINO,02,14,12
67722,AMAZONAS,LETICIA (CT),CENTRO (Leticia),47,MASCULINO,02,16,14
67723,AMAZONAS,LETICIA (CT),CENTRO (Leticia),17,MASCULINO,02,17,9
67724,AMAZONAS,LETICIA (CT),CENTRO (Leticia),40,FEMENINO,02,17,9
67725,AMAZONAS,LETICIA (CT),CENTRO (Leticia),55,FEMENINO,03,04,7
67726,AMAZONAS,LETICIA (CT),LOS LAGOS,30,FEMENINO,03,15,12
67728,AMAZONAS,LETICIA (CT),KILOMETROS,31,FEMENINO,03,20,6
67729,AMAZONAS,LETICIA (CT),CENTRO (Leticia),15,FEMENINO,03,25,16
67730,AMAZONAS,LETICIA (CT),COLOMBIA,19,MASCULINO,04,10,2
67731,AMAZONAS,LETICIA (CT),CENTRO (Leticia),31,FEMENINO,04,13,17
67733,AMAZONAS,LETICIA (CT),PUERTO CIVIL,61,MASCULINO,04,29,12
67735,AMAZONAS,LETICIA (CT),KILOMETROS,20,MASCULINO,05,10,22
67736,AMAZONAS,LETICIA (CT),ISLA DE LA FANTASIA,30,MASCULINO,05,18,2
67737,AMAZONAS,LETICIA (CT),CENTRO (Leticia),46,FEMENINO,05,20,17
67738,AMAZONAS,LETICIA (CT),PUERTO CIVIL,54,FEMENINO,05,21,18
67739,AMAZONAS,LETICIA (CT),VICTORIA REGIA,20,MASCULINO,06,30,6
67740,AMAZONAS,LETICIA (CT),PORVENIR,30,MASCULINO,07,02,13
67741,AMAZONAS,LETICIA (CT),SAN SEBASTIAN,34,MASCULINO,07,05,18
67742,AMAZONAS,LETICIA (CT),VICTORIA REGIA,18,MASCULINO,08,01,8
67743,AMAZONAS,LETICIA (CT),PUERTO CIVIL,38,FEMENINO,08,26,16
67744,AMAZONAS,LETICIA (CT),CENTRO (Leticia),40,FEMENINO,09,01,10
67745,AMAZONAS,LETICIA (CT),SAN MARTIN,39,MASCULINO,09,06,10
67746,AMAZONAS,LETICIA (CT),PORVENIR,30,MASCULINO,09,06,9
67747,AMAZONAS,LETICIA (CT),PUNTA BRAVA,21,FEMENINO,09,06,9
67748,AMAZONAS,LETICIA (CT),CENTRO (Leticia),27,FEMENINO,09,24,10
67749,AMAZONAS,LETICIA (CT),KILOMETROS,33,MASCULINO,09,30,17
67750,AMAZONAS,LETICIA (CT),CENTRO (Leticia),56,FEMENINO,10,08,8
67751,AMAZONAS,LETICIA (CT),VICTORIA REGIA,36,MASCULINO,10,20,21
67752,AMAZONAS,LETICIA (CT),UNION,16,MASCULINO,10,26,10
67753,AMAZONAS,LETICIA (CT),KILOMETROS,25,FEMENINO,11,02,14
67754,AMAZONAS,LETICIA (CT),VICTORIA REGIA,13,MASCULINO,11,03,16
67755,AMAZONAS,LETICIA (CT),LOS LAGOS,18,MASCULINO,11,05,19
67756,AMAZONAS,LETICIA (CT),AFASINTE,42,MASCULINO,11,29,8
67757,AMAZONAS,LETICIA (CT),GAITAN,34,FEMENINO,12,30,9
67758,AMAZONAS,LETICIA (CT),CENTRO (Leticia),30,FEMENINO,12,31,16
82445,AMAZONAS,LETICIA (CT),PORVENIR,29,MASCULINO,01,02,1
82446,AMAZONAS,LETICIA (CT),IANE,22,MASCULINO,01,02,11
82447,AMAZONAS,LETICIA (CT),KILOMETROS,33,MASCULINO,01,12,9
82448,AMAZONAS,LETICIA (CT),VICTORIA REGIA,21,MASCULINO,01,12,7
82450,AMAZONAS,LETICIA (CT),CENTRO (Leticia),60,FEMENINO,01,20,9
82451,AMAZONAS,LETICIA (CT),PORVENIR,67,FEMENINO,01,30,10
82452,AMAZONAS,LETICIA (CT),CENTRO (Leticia),55,FEMENINO,02,01,17
82453,AMAZONAS,LETICIA (CT),COLOMBIA,69,MASCULINO,02,03,1
82454,AMAZONAS,LETICIA (CT),VICTORIA REGIA,21,FEMENINO,02,03,6
82455,AMAZONAS,LETICIA (CT),AGUILA,63,MASCULINO,02,07,9
82456,AMAZONAS,LETICIA (CT),COLOMBIA,23,FEMENINO,02,13,3
82457,AMAZONAS,LETICIA (CT),CENTRO (Leticia),26,FEMENINO,02,14,19
82458,AMAZONAS,LETICIA (CT),CENTRO (Leticia),40,MASCULINO,02,19,20
82459,AMAZONAS,LETICIA (CT),VICTORIA REGIA,58,MASCULINO,02,19,20
82460,AMAZONAS,LETICIA (CT),AGUILA,66,MASCULINO,03,01,0
82461,AMAZONAS,LETICIA (CT),MARCELIANO CANYES,47,MASCULINO,03,08,16
82462,AMAZONAS,LETICIA (CT),CENTRO (Leticia),34,MASCULINO,03,10,15
82463,AMAZONAS,LETICIA (CT),COSTA RICA,13,FEMENINO,03,14,9
82464,AMAZONAS,LETICIA (CT),PUERTO CIVIL,30,MASCULINO,03,28,4
82466,AMAZONAS,LETICIA (CT),GAITAN,22,FEMENINO,04,29,18
82467,AMAZONAS,LETICIA (CT),CENTRO (Leticia),40,MASCULINO,05,01,10
82468,AMAZONAS,LETICIA (CT),CENTRO (Leticia),57,FEMENINO,05,10,18
82469,AMAZONAS,LETICIA (CT),CENTRO (Leticia),44,FEMENINO,05,18,11
82470,AMAZONAS,LETICIA (CT),CENTRO (Leticia),21,FEMENINO,05,28,19
82471,AMAZONAS,LETICIA (CT),URIBE URIBE,27,MASCULINO,06,04,19
82472,AMAZONAS,LETICIA (CT),PORVENIR,38,MASCULINO,07,31,4
82473,AMAZONAS,LETICIA (CT),PUNTA BRAVA,25,FEMENINO,08,15,17
82474,AMAZONAS,LETICIA (CT),JOSE MARIA HERNANDEZ,31,FEMENINO,08,18,10
82475,AMAZONAS,LETICIA (CT),KILOMETROS,41,FEMENINO,09,09,9
82476,AMAZONAS,LETICIA (CT),CENTRO (Leticia),37,MASCULINO,09,19,17
82477,AMAZONAS,LETICIA (CT),CENTRO (Leticia),70,MASCULINO,10,07,0
82478,AMAZONAS,LETICIA (CT),CENTRO (Leticia),16,FEMENINO,10,17,18
82479,AMAZONAS,LETICIA (CT),ESPERANZA,31,FEMENINO,11,22,9
82480,AMAZONAS,LETICIA (CT),CENTRO (Leticia),43,FEMENINO,12,06,12
82481,AMAZONAS,LETICIA (CT),PORVENIR,28,MASCULINO,12,31,1
93208,AMAZONAS,LETICIA (CT),PUERTO CIVIL,59,MASCULINO,01,28,10
93209,AMAZONAS,LETICIA (CT),CENTRO (Leticia),47,MASCULINO,03,20,15
93210,AMAZONAS,LETICIA (CT),PUERTO DE KAPAX,48,MASCULINO,03,23,16
93211,AMAZONAS,LETICIA (CT),PUERTO TICUNA (Tarapaca),62,MASCULINO,04,01,13
93212,AMAZONAS,LETICIA (CT),CENTRO (Leticia),42,MASCULINO,04,02,9
93213,AMAZONAS,LETICIA (CT),PUERTO CIVIL,44,MASCULINO,04,22,4
93214,AMAZONAS,LETICIA (CT),PORVENIR,46,FEMENINO,05,02,14
93215,AMAZONAS,LETICIA (CT),COLOMBIA,52,MASCULINO,05,07,7
93216,AMAZONAS,LETICIA (CT),CENTRO (Leticia),29,MASCULINO,05,12,6
93217,AMAZONAS,LETICIA (CT),PORVENIR,18,FEMENINO,05,28,11
93218,AMAZONAS,LETICIA (CT),ESPERANZA,35,MASCULINO,06,12,10
93219,AMAZONAS,LETICIA (CT),VICTORIA REGIA,33,MASCULINO,06,14,10
93220,AMAZONAS,LETICIA (CT),CENTRO (Leticia),36,FEMENINO,06,19,16
93221,AMAZONAS,LETICIA (CT),CENTRO (Leticia),70,MASCULINO,06,22,4
93222,AMAZONAS,LETICIA (CT),IANE,25,FEMENINO,07,19,18
93223,AMAZONAS,LETICIA (CT),CENTRO (Leticia),30,MASCULINO,07,19,6
93224,AMAZONAS,LETICIA (CT),CENTRO (Leticia),25,FEMENINO,07,24,7
93225,AMAZONAS,LETICIA (CT),CENTRO (Leticia),37,FEMENINO,08,01,11
93226,AMAZONAS,LETICIA (CT),VICTORIA REGIA,29,MASCULINO,08,02,19
93227,AMAZONAS,LETICIA (CT),SAN ANTONIO,45,MASCULINO,08,07,15
93228,AMAZONAS,LETICIA (CT),VICTORIA REGIA,43,FEMENINO,08,09,12
93229,AMAZONAS,LETICIA (CT),CENTRO (Leticia),47,MASCULINO,08,15,10
93230,AMAZONAS,LETICIA (CT),MARCELIANO CANYES,53,FEMENINO,08,20,19
93231,AMAZONAS,LETICIA (CT),CENTRO (Leticia),44,MASCULINO,08,22,13
93232,AMAZONAS,LETICIA (CT),PUERTO CIVIL,39,FEMENINO,08,28,13
93233,AMAZONAS,LETICIA (CT),KILOMETROS,44,MASCULINO,09,02,23
93234,AMAZONAS,LETICIA (CT),SAN MARTIN,30,MASCULINO,09,20,18
93235,AMAZONAS,LETICIA (CT),PUNTA BRAVA,47,FEMENINO,09,21,10
93236,AMAZONAS,LETICIA (CT),KILOMETRO 1,20,MASCULINO,09,22,14
93237,AMAZONAS,LETICIA (CT),SAN MARTIN,38,MASCULINO,09,24,12
93238,AMAZONAS,LETICIA (CT),PORVENIR,24,FEMENINO,09,30,19
93239,AMAZONAS,LETICIA (CT),ISLA DE LA FANTASIA,14,MASCULINO,10,01,21
93240,AMAZONAS,LETICIA (CT),KILOMETRO 2,38,FEMENINO,10,08,0
93241,AMAZONAS,LETICIA (CT),PUERTO CIVIL,45,MASCULINO,10,16,7
93242,AMAZONAS,LETICIA (CT),JOSE MARIA HERNANDEZ,24,FEMENINO,10,21,16
93243,AMAZONAS,LETICIA (CT),ESPERANZA,43,FEMENINO,10,28,10
93244,AMAZONAS,LETICIA (CT),ISLA DE LA FANTASIA,17,FEMENINO,10,30,16
93245,AMAZONAS,LETICIA (CT),KILOMETRO 1,24,MASCULINO,10,31,10
93246,AMAZONAS,LETICIA (CT),PUNTA BRAVA,33,MASCULINO,10,31,9
93247,AMAZONAS,LETICIA (CT),KILOMETRO 18,51,MASCULINO,11,12,6
93248,AMAZONAS,LETICIA (CT),CENTRO (Leticia),29,FEMENINO,11,15,15
93249,AMAZONAS,LETICIA (CT),LA CEIBA,36,MASCULINO,11,17,16
93251,AMAZONAS,LETICIA (CT),PORVENIR,63,FEMENINO,11,28,20
93252,AMAZONAS,LETICIA (CT),VICTORIA REGIA,42,FEMENINO,12,15,2
93253,AMAZONAS,LETICIA (CT),CENTRO (Leticia),42,MASCULINO,12,23,9
93254,AMAZONAS,LETICIA (CT),CENTRO (Leticia),47,MASCULINO,12,26,17
93255,AMAZONAS,LETICIA (CT),MARCELIANO CANYES,42,MASCULINO,12,27,8
93256,AMAZONAS,LETICIA (CT),KILOMETRO 2,63,MASCULINO,12,27,20
93257,AMAZONAS,LETICIA (CT),CENTRO (Leticia),41,MASCULINO,12,29,5
94224,AMAZONAS,LETICIA (CT),KILOMETROS,25,MASCULINO,01,01,9
94225,AMAZONAS,LETICIA (CT),GAITAN,62,MASCULINO,01,12,12
94226,AMAZONAS,LETICIA (CT),CENTRO (Leticia),22,MASCULINO,01,12,19
94227,AMAZONAS,LETICIA (CT),LA PEDRERA,43,MASCULINO,01,24,6
94228,AMAZONAS,LETICIA (CT),SAN ANTONIO,37,MASCULINO,01,26,22
94229,AMAZONAS,LETICIA (CT),KILOMETROS,26,FEMENINO,01,26,13
94230,AMAZONAS,LETICIA (CT),CENTRO (Leticia),18,MASCULINO,01,26,18
94231,AMAZONAS,LETICIA (CT),PORVENIR,32,MASCULINO,02,04,10
94232,AMAZONAS,LETICIA (CT),COSTA RICA,17,MASCULINO,02,09,16
94233,AMAZONAS,LETICIA (CT),CENTRO (Leticia),39,FEMENINO,02,14,18
94234,AMAZONAS,LETICIA (CT),SAN MARTIN,14,MASCULINO,02,22,23
94235,AMAZONAS,LETICIA (CT),COLOMBIA,29,FEMENINO,02,25,23
94236,AMAZONAS,LETICIA (CT),URIBE URIBE,26,FEMENINO,02,25,21
94237,AMAZONAS,LETICIA (CT),COLOMBIA,31,MASCULINO,03,03,23
94238,AMAZONAS,LETICIA (CT),URIBE URIBE,19,FEMENINO,03,13,22
94239,AMAZONAS,LETICIA (CT),PORVENIR,10,FEMENINO,03,17,18
94240,AMAZONAS,LETICIA (CT),JOSE MARIA HERNANDEZ,31,FEMENINO,03,18,22
94241,AMAZONAS,LETICIA (CT),CENTRO (Leticia),16,FEMENINO,03,19,9
94242,AMAZONAS,LETICIA (CT),VICTORIA REGIA,23,MASCULINO,03,21,19
94243,AMAZONAS,LETICIA (CT),ESPERANZA,42,MASCULINO,03,29,6
94244,AMAZONAS,LETICIA (CT),CENTRO (Leticia),26,MASCULINO,04,03,2
94245,AMAZONAS,LETICIA (CT),GAITAN,15,FEMENINO,04,08,16
94246,AMAZONAS,LETICIA (CT),GAITAN,48,MASCULINO,04,20,16
94247,AMAZONAS,LETICIA (CT),SAN MARTIN,53,FEMENINO,04,22,21
94248,AMAZONAS,LETICIA (CT),VICTORIA REGIA,45,MASCULINO,04,23,14
94249,AMAZONAS,LETICIA (CT),CENTRO (Leticia),40,MASCULINO,04,24,14
94250,AMAZONAS,LETICIA (CT),PORVENIR,26,FEMENINO,04,25,13
94251,AMAZONAS,LETICIA (CT),KILOMETRO 1,31,MASCULINO,05,19,17
94252,AMAZONAS,LETICIA (CT),VICTORIA REGIA,24,FEMENINO,05,26,11
94253,AMAZONAS,LETICIA (CT),CASTAÑAL,34,MASCULINO,05,30,1
94254,AMAZONAS,LETICIA (CT),SAN MARTIN,47,MASCULINO,07,02,14
94255,AMAZONAS,LETICIA (CT),ESPERANZA,17,MASCULINO,07,16,22
94256,AMAZONAS,LETICIA (CT),VICTORIA REGIA,47,MASCULINO,07,22,13
94257,AMAZONAS,LETICIA (CT),FLORIDA,54,FEMENINO,09,05,23
94258,AMAZONAS,LETICIA (CT),IANE,37,MASCULINO,09,09,22
94259,AMAZONAS,LETICIA (CT),UNION,34,MASCULINO,09,12,17
94260,AMAZONAS,LETICIA (CT),GAITAN,14,MASCULINO,10,10,20
94261,AMAZONAS,LETICIA (CT),KILOMETROS,58,MASCULINO,10,14,19
94262,AMAZONAS,LETICIA (CT),CENTRO (Leticia),15,MASCULINO,10,30,19
94263,AMAZONAS,LETICIA (CT),KILOMETRO 2,32,MASCULINO,11,10,0
94264,AMAZONAS,LETICIA (CT),LA PEDRERA,43,MASCULINO,11,12,14
94265,AMAZONAS,LETICIA (CT),KILOMETRO 1,29,MASCULINO,11,20,10
94266,AMAZONAS,LETICIA (CT),ESPERANZA,12,MASCULINO,11,24,8
94267,AMAZONAS,LETICIA (CT),JOSE MARIA HERNANDEZ,27,FEMENINO,12,26,9
101172,AMAZONAS,LETICIA (CT),UNION,26,FEMENINO,01,01,18
101173,AMAZONAS,LETICIA (CT),URIBE URIBE,25,MASCULINO,01,07,15
101174,AMAZONAS,LETICIA (CT),ESPERANZA,20,MASCULINO,01,10,21
101175,AMAZONAS,LETICIA (CT),LOS LAGOS,34,FEMENINO,01,10,22
101176,AMAZONAS,LETICIA (CT),CENTRO (Leticia),22,MASCULINO,01,15,19
101177,AMAZONAS,LETICIA (CT),VICTORIA REGIA,29,MASCULINO,01,15,9
101178,AMAZONAS,LETICIA (CT),SAN ANTONIO,17,MASCULINO,01,23,21
101179,AMAZONAS,LETICIA (CT),PUERTO CIVIL,51,MASCULINO,02,01,9
101180,AMAZONAS,LETICIA (CT),CENTRO (Leticia),26,FEMENINO,02,02,19
101181,AMAZONAS,LETICIA (CT),CENTRO (Leticia),57,FEMENINO,02,22,17
101182,AMAZONAS,LETICIA (CT),VICTORIA REGIA,32,MASCULINO,02,23,17
101183,AMAZONAS,LETICIA (CT),KILOMETROS,18,FEMENINO,02,24,16
101184,AMAZONAS,LETICIA (CT),IANE,16,FEMENINO,02,25,20
101185,AMAZONAS,LETICIA (CT),KILOMETROS,56,FEMENINO,02,26,21
101186,AMAZONAS,LETICIA (CT),KILOMETROS,39,MASCULINO,02,27,14
101187,AMAZONAS,LETICIA (CT),KILOMETROS,26,MASCULINO,02,27,13
101188,AMAZONAS,LETICIA (CT),COSTA RICA,58,MASCULINO,03,13,21
101189,AMAZONAS,LETICIA (CT),VICTORIA REGIA,23,MASCULINO,03,13,14
101190,AMAZONAS,LETICIA (CT),VICTORIA REGIA,31,MASCULINO,03,20,18
101191,AMAZONAS,LETICIA (CT),PUNTA BRAVA,46,MASCULINO,04,17,17
101192,AMAZONAS,LETICIA (CT),LOS AMIGOS (Tarapaca),33,MASCULINO,04,18,15
101193,AMAZONAS,LETICIA (CT),CENTRO (Leticia),35,MASCULINO,04,18,6
101194,AMAZONAS,LETICIA (CT),LA PEDRERA,33,MASCULINO,04,20,18
101195,AMAZONAS,LETICIA (CT),PORVENIR,32,MASCULINO,04,27,2
101196,AMAZONAS,LETICIA (CT),KILOMETRO 2,36,FEMENINO,04,30,5
101197,AMAZONAS,LETICIA (CT),COLOMBIA,33,MASCULINO,05,08,17
101198,AMAZONAS,LETICIA (CT),LOS LAGOS,45,MASCULINO,06,05,22
101199,AMAZONAS,LETICIA (CT),FLORIDA,68,MASCULINO,06,05,9
101200,AMAZONAS,LETICIA (CT),VICTORIA REGIA,30,FEMENINO,06,06,10
101201,AMAZONAS,LETICIA (CT),KILOMETRO 1,46,FEMENINO,07,11,17
101202,AMAZONAS,LETICIA (CT),SAN JOSE DEL RIO,35,MASCULINO,07,22,9
101203,AMAZONAS,LETICIA (CT),CENTRO (Leticia),49,FEMENINO,07,23,10
101204,AMAZONAS,LETICIA (CT),JOSE MARIA HERNANDEZ,51,FEMENINO,07,23,20
101205,AMAZONAS,LETICIA (CT),NO REPORTADO,28,FEMENINO,07,29,7
101206,AMAZONAS,LETICIA (CT),PUNTA BRAVA,35,MASCULINO,08,09,20
101207,AMAZONAS,LETICIA (CT),UNION,21,MASCULINO,08,14,13
101208,AMAZONAS,LETICIA (CT),CENTRO (Leticia),58,MASCULINO,08,17,9
101209,AMAZONAS,LETICIA (CT),COMUNIDAD DE MACEDONIA,46,MASCULINO,08,21,7
101210,AMAZONAS,LETICIA (CT),AGUILA,29,MASCULINO,08,22,10
101211,AMAZONAS,LETICIA (CT),GAITAN,31,MASCULINO,08,31,18
101212,AMAZONAS,LETICIA (CT),LOS LAGOS,22,MASCULINO,09,04,11
101213,AMAZONAS,LETICIA (CT),SAN MARTIN,38,FEMENINO,09,05,21
101214,AMAZONAS,LETICIA (CT),ONCE DE NOVIEMBRE,11,FEMENINO,09,07,18
101215,AMAZONAS,LETICIA (CT),GAITAN,30,MASCULINO,09,12,21
101216,AMAZONAS,LETICIA (CT),CENTRO (Leticia),24,MASCULINO,09,20,2
101217,AMAZONAS,LETICIA (CT),AFASINTE,46,FEMENINO,09,20,7
101218,AMAZONAS,LETICIA (CT),CENTRO (Leticia),35,FEMENINO,09,22,10
101219,AMAZONAS,LETICIA (CT),COLOMBIA,28,MASCULINO,09,28,10
101220,AMAZONAS,LETICIA (CT),SAN ANTONIO,49,FEMENINO,10,08,21
101221,AMAZONAS,LETICIA (CT),VICTORIA REGIA,24,FEMENINO,10,22,20
101222,AMAZONAS,LETICIA (CT),URIBE URIBE,64,MASCULINO,10,26,10
101223,AMAZONAS,LETICIA (CT),CENTRO (Leticia),14,MASCULINO,10,31,19
101224,AMAZONAS,LETICIA (CT),CENTRO (Leticia),20,FEMENINO,11,03,10
101225,AMAZONAS,LETICIA (CT),JESUS MARIA FAJARDO,33,FEMENINO,11,05,8
101226,AMAZONAS,LETICIA (CT),CENTRO (Leticia),19,MASCULINO,11,07,0
101227,AMAZONAS,LETICIA (CT),AGUILA,56,MASCULINO,11,07,21
101228,AMAZONAS,LETICIA (CT),CENTRO (Leticia),50,FEMENINO,11,11,12
101229,AMAZONAS,LETICIA (CT),CENTRO (Leticia),45,MASCULINO,11,14,17
101230,AMAZONAS,LETICIA (CT),ESPERANZA,34,FEMENINO,11,16,13
101231,AMAZONAS,LETICIA (CT),VICTORIA REGIA,22,MASCULINO,11,21,5
101232,AMAZONAS,LETICIA (CT),NO REPORTADO,31,FEMENINO,11,26,21
101233,AMAZONAS,LETICIA (CT),SAN MARTIN,18,FEMENINO,11,27,16
101234,AMAZONAS,LETICIA (CT),PORVENIR,48,MASCULINO,11,28,21
101235,AMAZONAS,LETICIA (CT),PORVENIR,44,MASCULINO,11,29,3
101236,AMAZONAS,LETICIA (CT),CENTRO (Leticia),48,MASCULINO,11,29,16
101237,AMAZONAS,LETICIA (CT),CENTRO (Leticia),21,FEMENINO,11,30,3
101238,AMAZONAS,LETICIA (CT),CENTRO (Leticia),26,FEMENINO,12,03,22
101239,AMAZONAS,LETICIA (CT),NO REPORTADO,20,MASCULINO,12,07,10
101240,AMAZONAS,LETICIA (CT),PUNTA BRAVA,49,FEMENINO,12,07,22
101241,AMAZONAS,LETICIA (CT),JESUS MARIA FAJARDO,27,FEMENINO,12,18,19
101242,AMAZONAS,LETICIA (CT),SAN MARTIN,48,MASCULINO,12,18,22
101243,AMAZONAS,LETICIA (CT),VICTORIA REGIA,27,FEMENINO,12,18,12
101244,AMAZONAS,LETICIA (CT),ONCE DE NOVIEMBRE,15,MASCULINO,12,18,11
101245,AMAZONAS,LETICIA (CT),GAITAN,57,MASCULINO,12,23,23
101246,AMAZONAS,LETICIA (CT),COLOMBIA,36,FEMENINO,12,25,15
101247,AMAZONAS,LETICIA (CT),CENTRO (Leticia),22,FEMENINO,12,28,18
101248,AMAZONAS,LETICIA (CT),CENTRO (Leticia),28,FEMENINO,12,30,19
145966,AMAZONAS,LETICIA (CT),RONDA,63,MASCULINO,01,01,3
145967,AMAZONAS,LETICIA (CT),CENTRO (Leticia),27,FEMENINO,01,02,22
145968,AMAZONAS,LETICIA (CT),ONCE DE NOVIEMBRE,36,MASCULINO,01,11,18
145969,AMAZONAS,LETICIA (CT),ESPERANZA,25,MASCULINO,01,15,23
145970,AMAZONAS,LETICIA (CT),CENTRO (Leticia),45,MASCULINO,01,16,21
145971,AMAZONAS,LETICIA (CT),CENTRO (Leticia),28,FEMENINO,01,17,16
145972,AMAZONAS,LETICIA (CT),CENTRO (Leticia),40,FEMENINO,01,26,20
145973,AMAZONAS,LETICIA (CT),SAN SEBASTIAN,25,FEMENINO,01,30,3
145974,AMAZONAS,LETICIA (CT),KILOMETRO 11,32,MASCULINO,01,31,15
145975,AMAZONAS,LETICIA (CT),CENTRO (Leticia),24,FEMENINO,02,09,10
145976,AMAZONAS,LETICIA (CT),CENTRO (Leticia),61,MASCULINO,02,22,7
145977,AMAZONAS,LETICIA (CT),JOSE MARIA HERNANDEZ,32,FEMENINO,03,05,14
145978,AMAZONAS,LETICIA (CT),JARDIN,57,MASCULINO,03,11,21
145979,AMAZONAS,LETICIA (CT),ONCE DE NOVIEMBRE,47,MASCULINO,03,13,3
145980,AMAZONAS,LETICIA (CT),AGUILA,39,MASCULINO,03,17,11
145981,AMAZONAS,LETICIA (CT),CENTRO (Leticia),37,FEMENINO,03,26,18
145982,AMAZONAS,LETICIA (CT),MARCELIANO CANYES,39,FEMENINO,03,28,10
145983,AMAZONAS,LETICIA (CT),LOS LAGOS,19,FEMENINO,04,02,22
145984,AMAZONAS,LETICIA (CT),KILOMETROS,58,MASCULINO,04,10,10
145985,AMAZONAS,LETICIA (CT),GAITAN,43,FEMENINO,04,14,18
145986,AMAZONAS,LETICIA (CT),SAN MARTIN,26,MASCULINO,04,22,23
145987,AMAZONAS,LETICIA (CT),COLOMBIA,11,MASCULINO,04,22,11
145988,AMAZONAS,LETICIA (CT),SAN JOSE (Leticia),24,MASCULINO,04,24,15
145989,AMAZONAS,LETICIA (CT),PORVENIR,17,FEMENINO,04,24,20
145990,AMAZONAS,LETICIA (CT),CENTRO (Leticia),36,FEMENINO,04,26,19
145991,AMAZONAS,LETICIA (CT),IANE,39,MASCULINO,04,28,16
145992,AMAZONAS,LETICIA (CT),FLORIDA,30,FEMENINO,04,29,23
145993,AMAZONAS,LETICIA (CT),MARCELIANO CANYES,32,FEMENINO,05,02,23
145994,AMAZONAS,LETICIA (CT),VICTORIA REGIA,55,MASCULINO,05,02,12
145995,AMAZONAS,LETICIA (CT),MARCELIANO CANYES,33,FEMENINO,05,08,9
145996,AMAZONAS,LETICIA (CT),MARCELIANO CANYES,25,MASCULINO,05,09,23
145997,AMAZONAS,LETICIA (CT),MARCELIANO CANYES,30,FEMENINO,05,09,9
145998,AMAZONAS,LETICIA (CT),MARCELIANO CANYES,33,MASCULINO,05,12,15
145999,AMAZONAS,LETICIA (CT),MARCELIANO CANYES,34,MASCULINO,05,13,17
146000,AMAZONAS,LETICIA (CT),ONCE DE NOVIEMBRE,23,FEMENINO,05,13,2
146001,AMAZONAS,LETICIA (CT),CENTRO (Leticia),15,MASCULINO,05,24,12
146002,AMAZONAS,LETICIA (CT),MARCELIANO CANYES,46,FEMENINO,05,25,15
146003,AMAZONAS,LETICIA (CT),FLORIDA,19,FEMENINO,05,25,21
146004,AMAZONAS,LETICIA (CT),CENTRO (Leticia),33,MASCULINO,05,30,14
146005,AMAZONAS,LETICIA (CT),MARCELIANO CANYES,39,FEMENINO,06,02,11
146006,AMAZONAS,LETICIA (CT),PORVENIR,50,FEMENINO,06,03,11
146007,AMAZONAS,LETICIA (CT),PORVENIR,34,MASCULINO,06,07,12
146008,AMAZONAS,LETICIA (CT),ESPERANZA,20,MASCULINO,06,08,22
146009,AMAZONAS,LETICIA (CT),KILOMETROS,40,FEMENINO,06,09,18
146010,AMAZONAS,LETICIA (CT),CENTRO (Leticia),19,FEMENINO,06,10,20
146011,AMAZONAS,LETICIA (CT),KILOMETRO 7,18,MASCULINO,06,19,4
146012,AMAZONAS,LETICIA (CT),KILOMETROS,24,MASCULINO,06,19,4
146013,AMAZONAS,LETICIA (CT),MARCELIANO CANYES,51,MASCULINO,06,21,16
146014,AMAZONAS,LETICIA (CT),AGUILA,56,FEMENINO,06,24,18
146015,AMAZONAS,LETICIA (CT),SAN JOSE (Leticia),26,FEMENINO,06,26,13
146016,AMAZONAS,LETICIA (CT),KILOMETROS,24,MASCULINO,07,03,6
146017,AMAZONAS,LETICIA (CT),CENTRO (Leticia),34,FEMENINO,07,10,10
146018,AMAZONAS,LETICIA (CT),MARCELIANO CANYES,68,FEMENINO,07,11,10
146019,AMAZONAS,LETICIA (CT),CENTRO (Leticia),37,FEMENINO,07,17,20
146020,AMAZONAS,LETICIA (CT),LA SARITA,33,MASCULINO,07,24,10
146021,AMAZONAS,LETICIA (CT),FLORIDA,25,FEMENINO,07,28,14
146022,AMAZONAS,LETICIA (CT),SAN ANTONIO,23,MASCULINO,08,06,9
146023,AMAZONAS,LETICIA (CT),FLORIDA,23,FEMENINO,08,06,2
146024,AMAZONAS,LETICIA (CT),CENTRO (Leticia),35,MASCULINO,08,10,5
146025,AMAZONAS,LETICIA (CT),ESPERANZA,66,FEMENINO,08,12,12
146026,AMAZONAS,LETICIA (CT),VICTORIA REGIA,26,FEMENINO,08,21,14
146027,AMAZONAS,LETICIA (CT),SAN ANTONIO,28,FEMENINO,08,23,16
146028,AMAZONAS,LETICIA (CT),VICTORIA REGIA,23,FEMENINO,08,31,9
146029,AMAZONAS,LETICIA (CT),CENTRO (Leticia),39,MASCULINO,08,31,11
146030,AMAZONAS,LETICIA (CT),MARCELIANO CANYES,46,MASCULINO,08,31,11
146031,AMAZONAS,LETICIA (CT),FLORIDA,38,FEMENINO,09,04,10
146032,AMAZONAS,LETICIA (CT),ESPERANZA,58,MASCULINO,09,07,6
146033,AMAZONAS,LETICIA (CT),REYES DEL SUR (Tarapaca),24,MASCULINO,09,10,0
146034,AMAZONAS,LETICIA (CT),SIMON BOLIVAR,54,FEMENINO,09,11,6
146035,AMAZONAS,LETICIA (CT),CENTRO (Leticia),28,FEMENINO,09,12,8
146036,AMAZONAS,LETICIA (CT),LA CEIBA,37,FEMENINO,09,14,12
146037,AMAZONAS,LETICIA (CT),PUNTA BRAVA,66,MASCULINO,09,18,19
146038,AMAZONAS,LETICIA (CT),MARCELIANO CANYES,26,MASCULINO,09,20,16
146039,AMAZONAS,LETICIA (CT),CENTRO (Leticia),69,MASCULINO,09,22,5
146040,AMAZONAS,LETICIA (CT),PUERTO DE KAPAX,26,MASCULINO,09,22,10
146041,AMAZONAS,LETICIA (CT),VICTORIA REGIA,49,FEMENINO,09,30,20
146042,AMAZONAS,LETICIA (CT),LA CHORRERA,39,FEMENINO,10,01,10
146043,AMAZONAS,LETICIA (CT),FLORIDA,44,FEMENINO,10,01,16
146044,AMAZONAS,LETICIA (CT),KILOMETRO 1,43,FEMENINO,10,03,11
146045,AMAZONAS,LETICIA (CT),LA PLAYA,45,MASCULINO,10,11,6
146046,AMAZONAS,LETICIA (CT),KILOMETRO 11,61,MASCULINO,10,16,17
146047,AMAZONAS,LETICIA (CT),FLORIDA,40,FEMENINO,10,16,3
146048,AMAZONAS,LETICIA (CT),CENTRO (Leticia),43,FEMENINO,10,19,9
146049,AMAZONAS,LETICIA (CT),JOSE MARIA HERNANDEZ,32,MASCULINO,10,20,4
146050,AMAZONAS,LETICIA (CT),HUMARIZAL,25,FEMENINO,10,21,18
146051,AMAZONAS,LETICIA (CT),PORVENIR,27,MASCULINO,10,21,20
146052,AMAZONAS,LETICIA (CT),SAN ANTONIO,41,FEMENINO,10,21,20
146053,AMAZONAS,LETICIA (CT),JOSE MARIA HERNANDEZ,24,FEMENINO,10,22,17
146054,AMAZONAS,LETICIA (CT),PUNTA BRAVA,35,MASCULINO,10,23,19
146055,AMAZONAS,LETICIA (CT),PORVENIR,20,FEMENINO,10,24,13
146056,AMAZONAS,LETICIA (CT),PORVENIR,21,MASCULINO,10,24,13
146057,AMAZONAS,LETICIA (CT),KILOMETROS,36,MASCULINO,10,26,14
146058,AMAZONAS,LETICIA (CT),PUERTO SANTANDER,33,FEMENINO,10,26,20
146059,AMAZONAS,LETICIA (CT),AGUILA,39,MASCULINO,11,01,8
146060,AMAZONAS,LETICIA (CT),SAN JOSE (Leticia),21,FEMENINO,11,02,1
146061,AMAZONAS,LETICIA (CT),SAN JOSE DEL RIO,42,MASCULINO,11,03,12
146062,AMAZONAS,LETICIA (CT),GAITAN,31,FEMENINO,11,03,14
146063,AMAZONAS,LETICIA (CT),KILOMETRO 17,45,MASCULINO,11,04,16
146064,AMAZONAS,LETICIA (CT),CENTRO (Leticia),16,FEMENINO,11,04,19
146065,AMAZONAS,LETICIA (CT),PUERTO SANTANDER,30,MASCULINO,11,06,2
146066,AMAZONAS,LETICIA (CT),GAITAN,19,FEMENINO,11,06,9
146067,AMAZONAS,LETICIA (CT),LOS LAGOS,59,FEMENINO,11,08,9
146068,AMAZONAS,LETICIA (CT),KILOMETRO 3,30,MASCULINO,11,08,20
146069,AMAZONAS,LETICIA (CT),IANE,53,MASCULINO,11,09,3
146070,AMAZONAS,LETICIA (CT),MARCELIANO CANYES,38,MASCULINO,11,10,8
146071,AMAZONAS,LETICIA (CT),SAN MARTIN,30,FEMENINO,11,12,2
146072,AMAZONAS,LETICIA (CT),CENTRO (Leticia),29,MASCULINO,11,12,1
146073,AMAZONAS,LETICIA (CT),JARDIN,52,MASCULINO,11,13,2
146074,AMAZONAS,LETICIA (CT),PORVENIR,34,MASCULINO,11,13,2
146075,AMAZONAS,LETICIA (CT),CENTRO (Leticia),18,MASCULINO,11,16,0
146076,AMAZONAS,LETICIA (CT),ONCE DE NOVIEMBRE,54,FEMENINO,11,16,8
146077,AMAZONAS,LETICIA (CT),CENTRO (Leticia),26,FEMENINO,11,19,16
146078,AMAZONAS,LETICIA (CT),VICTORIA REGIA,33,FEMENINO,11,22,11
146079,AMAZONAS,LETICIA (CT),ONCE DE NOVIEMBRE,43,FEMENINO,11,22,21
146080,AMAZONAS,LETICIA (CT),VICTORIA REGIA,39,FEMENINO,11,24,18
146081,AMAZONAS,LETICIA (CT),COLOMBIA,23,FEMENINO,11,24,19
146082,AMAZONAS,LETICIA (CT),CENTRO (Leticia),37,MASCULINO,11,29,6
146083,AMAZONAS,LETICIA (CT),CENTRO (Leticia),44,FEMENINO,12,02,0
146084,AMAZONAS,LETICIA (CT),JESUS MARIA FAJARDO,51,MASCULINO,12,09,15
146085,AMAZONAS,LETICIA (CT),LA PLAYA,50,MASCULINO,12,09,13
146086,AMAZONAS,LETICIA (CT),JOSE MARIA HERNANDEZ,51,MASCULINO,12,09,15
146087,AMAZONAS,LETICIA (CT),SAN JOSE DEL RIO,30,MASCULINO,12,11,19
146088,AMAZONAS,LETICIA (CT),JOSE MARIA HERNANDEZ,28,MASCULINO,12,11,7
146089,AMAZONAS,LETICIA (CT),SIMON BOLIVAR,17,FEMENINO,12,11,1
146090,AMAZONAS,LETICIA (CT),SIMON BOLIVAR,19,FEMENINO,12,14,13
146091,AMAZONAS,LETICIA (CT),KILOMETRO 11,29,MASCULINO,12,16,8
146092,AMAZONAS,LETICIA (CT),JOSE MARIA HERNANDEZ,20,FEMENINO,12,21,21
146093,AMAZONAS,LETICIA (CT),JOSE MARIA HERNANDEZ,37,FEMENINO,12,26,17
146094,AMAZONAS,LETICIA (CT),NO REPORTADO,43,MASCULINO,12,26,22
146095,AMAZONAS,LETICIA (CT),SAN MARTIN,45,FEMENINO,12,26,10
146096,AMAZONAS,LETICIA (CT),PORVENIR,36,FEMENINO,12,28,18
146097,AMAZONAS,LETICIA (CT),FLORIDA,24,FEMENINO,12,30,21
207418,AMAZONAS,LETICIA (CT),CENTRO (Leticia),35,FEMENINO,01,04,20
207419,AMAZONAS,LETICIA (CT),JOSE MARIA HERNANDEZ,21,MASCULINO,01,06,19
207420,AMAZONAS,LETICIA (CT),PORVENIR,53,MASCULINO,01,08,2
207421,AMAZONAS,LETICIA (CT),CENTRO (Leticia),45,MASCULINO,01,13,18
207422,AMAZONAS,LETICIA (CT),PUNTA BRAVA,24,MASCULINO,01,23,11
207423,AMAZONAS,LETICIA (CT),CENTRO (Leticia),24,FEMENINO,01,23,20
207424,AMAZONAS,LETICIA (CT),JOSE MARIA HERNANDEZ,55,MASCULINO,01,24,12
207425,AMAZONAS,LETICIA (CT),CENTRO (Leticia),32,MASCULINO,01,28,3
207426,AMAZONAS,LETICIA (CT),SAN JOSE (Leticia),46,MASCULINO,02,04,21
207427,AMAZONAS,LETICIA (CT),MARCELIANO CANYES,20,FEMENINO,02,05,9
207428,AMAZONAS,LETICIA (CT),FLORIDA,28,FEMENINO,02,16,14
207429,AMAZONAS,LETICIA (CT),GAITAN,18,FEMENINO,02,18,12
207430,AMAZONAS,LETICIA (CT),AGUILA,36,MASCULINO,02,27,21
207431,AMAZONAS,LETICIA (CT),CENTRO (Leticia),23,FEMENINO,03,14,8
207432,AMAZONAS,LETICIA (CT),PUNTA BRAVA,39,FEMENINO,03,20,11
207433,AMAZONAS,LETICIA (CT),GAITAN,32,FEMENINO,03,23,16
207434,AMAZONAS,LETICIA (CT),SAN MARTIN,21,MASCULINO,04,01,1
207435,AMAZONAS,LETICIA (CT),CENTRO (Leticia),66,MASCULINO,04,02,0
207436,AMAZONAS,LETICIA (CT),ARARA,33,MASCULINO,04,03,2
207437,AMAZONAS,LETICIA (CT),MARCELIANO CANYES,27,FEMENINO,04,10,13
207438,AMAZONAS,LETICIA (CT),SANTA SOFIA,20,MASCULINO,04,19,23
207439,AMAZONAS,LETICIA (CT),MARCELIANO CANYES,47,FEMENINO,04,20,10
207440,AMAZONAS,LETICIA (CT),CENTRO (Leticia),31,FEMENINO,04,26,8
207441,AMAZONAS,LETICIA (CT),CENTRO (Leticia),28,FEMENINO,05,04,9
207442,AMAZONAS,LETICIA (CT),CENTRO (Leticia),16,MASCULINO,05,06,12
207443,AMAZONAS,LETICIA (CT),LA CHORRERA,33,FEMENINO,05,12,0
207444,AMAZONAS,LETICIA (CT),CENTRO (Leticia),26,FEMENINO,05,17,21
207445,AMAZONAS,LETICIA (CT),FLORIDA,39,FEMENINO,05,26,10
207446,AMAZONAS,LETICIA (CT),PORVENIR,41,MASCULINO,05,29,10
207447,AMAZONAS,LETICIA (CT),MARCELIANO CANYES,33,MASCULINO,06,01,14
207448,AMAZONAS,LETICIA (CT),KILOMETROS,54,FEMENINO,06,06,18
207449,AMAZONAS,LETICIA (CT),SAN MARTIN,55,FEMENINO,06,14,17
207450,AMAZONAS,LETICIA (CT),TAUCHI,40,FEMENINO,06,18,13
207451,AMAZONAS,LETICIA (CT),TAUCHI,44,FEMENINO,06,18,13
207452,AMAZONAS,LETICIA (CT),CENTRO (Leticia),34,MASCULINO,06,19,1
207453,AMAZONAS,LETICIA (CT),ESPERANZA,49,MASCULINO,06,22,18
207454,AMAZONAS,LETICIA (CT),CENTRO (Leticia),35,FEMENINO,06,28,16
207455,AMAZONAS,LETICIA (CT),SAN ANTONIO,27,MASCULINO,06,30,9
207456,AMAZONAS,LETICIA (CT),MIRITI-PARANA,30,MASCULINO,07,01,20
207457,AMAZONAS,LETICIA (CT),AGUILA,39,MASCULINO,07,12,16
207458,AMAZONAS,LETICIA (CT),CENTRO (Leticia),40,MASCULINO,07,16,22
207459,AMAZONAS,LETICIA (CT),PORVENIR,18,FEMENINO,07,16,22
207460,AMAZONAS,LETICIA (CT),CENTRO (Leticia),16,FEMENINO,07,20,14
207461,AMAZONAS,LETICIA (CT),FLORIDA,26,FEMENINO,07,24,7
207462,AMAZONAS,LETICIA (CT),ESPERANZA,17,MASCULINO,07,28,20
207463,AMAZONAS,LETICIA (CT),CENTRO (Leticia),42,MASCULINO,07,29,10
207464,AMAZONAS,LETICIA (CT),UNION,25,MASCULINO,07,29,9
207465,AMAZONAS,LETICIA (CT),PUNTA BRAVA,33,FEMENINO,07,31,18
207466,AMAZONAS,LETICIA (CT),PUNTA BRAVA,29,FEMENINO,08,08,10
207467,AMAZONAS,LETICIA (CT),CENTRO (Leticia),32,FEMENINO,08,11,18
207468,AMAZONAS,LETICIA (CT),PORVENIR,24,MASCULINO,08,15,10
207469,AMAZONAS,LETICIA (CT),FLORIDA,53,FEMENINO,08,16,20
207470,AMAZONAS,LETICIA (CT),KILOMETRO 8,32,FEMENINO,08,23,20
207471,AMAZONAS,LETICIA (CT),KILOMETRO 8,34,FEMENINO,08,23,20
207472,AMAZONAS,LETICIA (CT),CENTRO (Leticia),15,MASCULINO,08,24,20
207473,AMAZONAS,LETICIA (CT),ONCE DE NOVIEMBRE,61,MASCULINO,08,27,3
207474,AMAZONAS,LETICIA (CT),JOSE MARIA HERNANDEZ,27,FEMENINO,09,02,9
207475,AMAZONAS,LETICIA (CT),PORVENIR,20,FEMENINO,09,04,2
207476,AMAZONAS,LETICIA (CT),CENTRO (Leticia),34,MASCULINO,09,06,13
207477,AMAZONAS,LETICIA (CT),LA PLAYA,30,MASCULINO,09,07,11
207478,AMAZONAS,LETICIA (CT),BUENOS AIRES (Tarapaca),15,FEMENINO,09,07,8
207479,AMAZONAS,LETICIA (CT),GAITAN,40,FEMENINO,09,08,17
207480,AMAZONAS,LETICIA (CT),SIMON BOLIVAR,65,MASCULINO,09,10,2
207481,AMAZONAS,LETICIA (CT),ESPERANZA,13,FEMENINO,09,13,19
207482,AMAZONAS,LETICIA (CT),LA PEDRERA,39,MASCULINO,09,17,19
207483,AMAZONAS,LETICIA (CT),MARCELIANO CANYES,13,FEMENINO,09,17,16
207484,AMAZONAS,LETICIA (CT),CENTRO (Leticia),61,MASCULINO,09,19,13
207485,AMAZONAS,LETICIA (CT),ONCE DE NOVIEMBRE,20,FEMENINO,09,20,21
207486,AMAZONAS,LETICIA (CT),AGUILA,50,FEMENINO,09,23,17
207487,AMAZONAS,LETICIA (CT),SAN JOSE DEL RIO,45,MASCULINO,09,28,12
207488,AMAZONAS,LETICIA (CT),MARCELIANO CANYES,39,FEMENINO,09,29,15
207489,AMAZONAS,LETICIA (CT),CENTRO (Leticia),55,FEMENINO,10,05,8
207490,AMAZONAS,LETICIA (CT),JOSE MARIA HERNANDEZ,39,FEMENINO,10,05,8
207491,AMAZONAS,LETICIA (CT),FLORIDA,23,MASCULINO,10,14,5
207492,AMAZONAS,LETICIA (CT),AGUILA,27,FEMENINO,10,18,12
207493,AMAZONAS,LETICIA (CT),CENTRO (Leticia),43,FEMENINO,10,19,21
207494,AMAZONAS,LETICIA (CT),CENTRO (Leticia),21,MASCULINO,10,21,3
207495,AMAZONAS,LETICIA (CT),SIMON BOLIVAR,22,FEMENINO,10,23,2
207496,AMAZONAS,LETICIA (CT),JOSE MARIA HERNANDEZ,37,FEMENINO,10,23,17
207497,AMAZONAS,LETICIA (CT),JOSE MARIA HERNANDEZ,54,FEMENINO,10,24,17
207498,AMAZONAS,LETICIA (CT),CENTRO (Leticia),34,MASCULINO,10,25,0
207499,AMAZONAS,LETICIA (CT),FLORIDA,62,FEMENINO,10,31,10
207500,AMAZONAS,LETICIA (CT),KILOMETRO 6,31,MASCULINO,11,04,3
207501,AMAZONAS,LETICIA (CT),KILOMETRO 2,39,MASCULINO,11,05,8
207502,AMAZONAS,LETICIA (CT),FLORIDA,30,MASCULINO,11,06,3
207503,AMAZONAS,LETICIA (CT),CENTRO (Leticia),51,FEMENINO,11,07,8
207504,AMAZONAS,LETICIA (CT),PORVENIR,39,FEMENINO,11,09,8
207505,AMAZONAS,LETICIA (CT),CENTRO (Leticia),17,MASCULINO,11,18,20
207506,AMAZONAS,LETICIA (CT),CENTRO (Leticia),37,MASCULINO,11,19,18
207507,AMAZONAS,LETICIA (CT),ESPERANZA,23,FEMENINO,11,29,20
207508,AMAZONAS,LETICIA (CT),COLOMBIA,37,MASCULINO,12,04,3
207509,AMAZONAS,LETICIA (CT),CENTRO (Leticia),54,MASCULINO,12,06,16
207510,AMAZONAS,LETICIA (CT),AGUILA,43,MASCULINO,12,08,23
207511,AMAZONAS,LETICIA (CT),PUNTA BRAVA,35,FEMENINO,12,11,17
207512,AMAZONAS,LETICIA (CT),ESPERANZA,18,MASCULINO,12,13,21
207513,AMAZONAS,LETICIA (CT),PORVENIR,55,MASCULINO,12,16,20
207514,AMAZONAS,LETICIA (CT),CENTRO (Leticia),24,MASCULINO,12,17,11
207515,AMAZONAS,LETICIA (CT),CENTRO (Leticia),36,MASCULINO,12,22,16
207516,AMAZONAS,LETICIA (CT),AGUILA,39,FEMENINO,12,23,13
0,AMAZONAS,LETICIA (CT),CASTAÑAL,64,MASCULINO,01,01,1
2403,AMAZONAS,LETICIA (CT),SIMON BOLIVAR,49,MASCULINO,01,06,18
5742,AMAZONAS,LETICIA (CT),KILOMETRO 8,47,MASCULINO,01,12,21
12588,AMAZONAS,LETICIA (CT),PORVENIR,30,FEMENINO,01,23,20
18695,AMAZONAS,LETICIA (CT),JESUS MARIA FAJARDO,47,MASCULINO,02,01,21
22936,AMAZONAS,LETICIA (CT),JOSE MARIA HERNANDEZ,33,MASCULINO,02,07,10
29747,AMAZONAS,LETICIA (CT),FLORIDA,20,FEMENINO,02,17,7
29748,AMAZONAS,LETICIA (CT),ESPERANZA,28,MASCULINO,02,17,9
30891,AMAZONAS,LETICIA (CT),JOSE MARIA HERNANDEZ,46,MASCULINO,02,19,17
31551,AMAZONAS,LETICIA (CT),FLORIDA,18,FEMENINO,02,20,14
34988,AMAZONAS,LETICIA (CT),IANE,28,FEMENINO,02,25,10
36042,AMAZONAS,LETICIA (CT),CENTRO (Leticia),47,MASCULINO,02,27,20
40402,AMAZONAS,LETICIA (CT),GAITAN,35,FEMENINO,03,05,18
40403,AMAZONAS,LETICIA (CT),CENTRO (Leticia),63,FEMENINO,03,05,8
42295,AMAZONAS,LETICIA (CT),SAN ANTONIO,24,MASCULINO,03,08,0
44791,AMAZONAS,LETICIA (CT),JOSE MARIA HERNANDEZ,46,MASCULINO,03,12,16
46188,AMAZONAS,LETICIA (CT),KILOMETRO 7,37,MASCULINO,03,14,9
49105,AMAZONAS,LETICIA (CT),CENTRO (Leticia),37,MASCULINO,03,18,21
53651,AMAZONAS,LETICIA (CT),BARRIO NUEVO,41,FEMENINO,03,25,7
53652,AMAZONAS,LETICIA (CT),SAN MARTIN,45,MASCULINO,03,25,1
55441,AMAZONAS,LETICIA (CT),CENTRO (Leticia),25,MASCULINO,03,28,17
57227,AMAZONAS,LETICIA (CT),AGUILA,64,MASCULINO,04,01,5
59925,AMAZONAS,LETICIA (CT),SIMON BOLIVAR,18,FEMENINO,04,05,18
61543,AMAZONAS,LETICIA (CT),JOSE MARIA HERNANDEZ,46,MASCULINO,04,07,3
65079,AMAZONAS,LETICIA (CT),KILOMETRO 2,18,FEMENINO,04,12,18
65817,AMAZONAS,LETICIA (CT),CENTRO (Leticia),56,FEMENINO,04,13,15
68096,AMAZONAS,LETICIA (CT),KILOMETRO 2,25,MASCULINO,04,16,19
68097,AMAZONAS,LETICIA (CT),CENTRO (Leticia),28,FEMENINO,04,16,15
73481,AMAZONAS,LETICIA (CT),AGUILA,33,MASCULINO,04,23,2
75743,AMAZONAS,LETICIA (CT),GAITAN,58,FEMENINO,04,26,9
76494,AMAZONAS,LETICIA (CT),JOSE MARIA HERNANDEZ,33,FEMENINO,04,27,22
78105,AMAZONAS,LETICIA (CT),CENTRO (Leticia),26,MASCULINO,04,29,19
80658,AMAZONAS,LETICIA (CT),CENTRO (Leticia),29,FEMENINO,05,03,10
81422,AMAZONAS,LETICIA (CT),KILOMETRO 3,34,FEMENINO,05,04,9
84144,AMAZONAS,LETICIA (CT),SIMON BOLIVAR,63,MASCULINO,05,08,8
84849,AMAZONAS,LETICIA (CT),CENTRO (Leticia),44,MASCULINO,05,09,7
84850,AMAZONAS,LETICIA (CT),PORVENIR,29,FEMENINO,05,09,11
84851,AMAZONAS,LETICIA (CT),KILOMETRO 1,37,FEMENINO,05,09,16
86349,AMAZONAS,LETICIA (CT),CENTRO (Leticia),57,MASCULINO,05,11,16
88078,AMAZONAS,LETICIA (CT),FLORIDA,27,FEMENINO,05,13,2
93842,AMAZONAS,LETICIA (CT),SIMON BOLIVAR,26,MASCULINO,05,22,6
95327,AMAZONAS,LETICIA (CT),PORVENIR,50,FEMENINO,05,24,17
103739,AMAZONAS,LETICIA (CT),FLORIDA,40,MASCULINO,06,05,20
103740,AMAZONAS,LETICIA (CT),SAN ANTONIO,31,MASCULINO,06,05,13
105224,AMAZONAS,LETICIA (CT),GAITAN,36,FEMENINO,06,07,21
105225,AMAZONAS,LETICIA (CT),IANE,34,MASCULINO,06,07,5
105982,AMAZONAS,LETICIA (CT),PORVENIR,43,FEMENINO,06,08,23
106871,AMAZONAS,LETICIA (CT),JOSE MARIA HERNANDEZ,62,MASCULINO,06,09,0
106872,AMAZONAS,LETICIA (CT),LA PLAYA,42,FEMENINO,06,09,4
109353,AMAZONAS,LETICIA (CT),CENTRO (Leticia),34,MASCULINO,06,13,19
110837,AMAZONAS,LETICIA (CT),JOSE MARIA HERNANDEZ,25,FEMENINO,06,15,17
113357,AMAZONAS,LETICIA (CT),SUEÑOS DE NAVIDAD,23,FEMENINO,06,19,22
114019,AMAZONAS,LETICIA (CT),FLORIDA,29,MASCULINO,06,20,18
118788,AMAZONAS,LETICIA (CT),AGUILA,32,FEMENINO,06,27,8
121587,AMAZONAS,LETICIA (CT),PUNTA BRAVA,23,FEMENINO,07,01,20
127306,AMAZONAS,LETICIA (CT),ESPERANZA,56,FEMENINO,07,10,17
130194,AMAZONAS,LETICIA (CT),FLORIDA,31,FEMENINO,07,14,15
130977,AMAZONAS,LETICIA (CT),JOSE MARIA HERNANDEZ,65,MASCULINO,07,15,19
131461,AMAZONAS,LETICIA (CT),CENTRO (Leticia),29,FEMENINO,07,16,1
138149,AMAZONAS,LETICIA (CT),VICTORIA REGIA,29,FEMENINO,07,26,19
138858,AMAZONAS,LETICIA (CT),FLORIDA,40,FEMENINO,07,27,21
140507,AMAZONAS,LETICIA (CT),LA PEDRERA,58,FEMENINO,07,29,14
140508,AMAZONAS,LETICIA (CT),KILOMETRO 11,36,FEMENINO,07,29,13
146891,AMAZONAS,LETICIA (CT),KILOMETRO 5,11,MASCULINO,08,07,11
146892,AMAZONAS,LETICIA (CT),VICTORIA REGIA,32,MASCULINO,08,07,20
147351,AMAZONAS,LETICIA (CT),PORVENIR,22,MASCULINO,08,08,20
148183,AMAZONAS,LETICIA (CT),KILOMETRO 1,22,FEMENINO,08,09,15
148184,AMAZONAS,LETICIA (CT),IANE,35,FEMENINO,08,09,19
148949,AMAZONAS,LETICIA (CT),CENTRO (Leticia),35,MASCULINO,08,10,0
148950,AMAZONAS,LETICIA (CT),CENTRO (Leticia),31,FEMENINO,08,10,0
149757,AMAZONAS,LETICIA (CT),CENTRO (Leticia),29,FEMENINO,08,11,13
151934,AMAZONAS,LETICIA (CT),PORVENIR,32,MASCULINO,08,14,19
152655,AMAZONAS,LETICIA (CT),ONCE DE NOVIEMBRE,25,FEMENINO,08,15,2
153508,AMAZONAS,LETICIA (CT),CENTRO (Leticia),30,FEMENINO,08,16,15
155963,AMAZONAS,LETICIA (CT),MARCELIANO CANYES,23,MASCULINO,08,19,5
160219,AMAZONAS,LETICIA (CT),AGUILA,35,MASCULINO,08,25,9
165567,AMAZONAS,LETICIA (CT),BARRIO NUEVO,25,MASCULINO,09,01,22
167046,AMAZONAS,LETICIA (CT),BARRIO NUEVO,19,FEMENINO,09,03,14
168601,AMAZONAS,LETICIA (CT),VICTORIA REGIA,19,MASCULINO,09,05,10
170159,AMAZONAS,LETICIA (CT),URIBE URIBE,37,FEMENINO,09,07,6
171562,AMAZONAS,LETICIA (CT),PORVENIR,27,FEMENINO,09,09,11
171997,AMAZONAS,LETICIA (CT),UNION,20,MASCULINO,09,10,4
172663,AMAZONAS,LETICIA (CT),LOS LAGOS,36,FEMENINO,09,11,0
175770,AMAZONAS,LETICIA (CT),KILOMETRO 1,18,MASCULINO,09,15,19
176567,AMAZONAS,LETICIA (CT),FLORIDA,24,MASCULINO,09,16,0
177121,AMAZONAS,LETICIA (CT),JOSE MARIA HERNANDEZ,34,MASCULINO,09,17,21
177835,AMAZONAS,LETICIA (CT),VICTORIA REGIA,42,MASCULINO,09,18,21
180097,AMAZONAS,LETICIA (CT),JARDIN,31,FEMENINO,09,21,17
180098,AMAZONAS,LETICIA (CT),JARDIN,31,FEMENINO,09,21,4
189622,AMAZONAS,LETICIA (CT),COLOMBIA,31,MASCULINO,10,04,18
190417,AMAZONAS,LETICIA (CT),FLORIDA,55,FEMENINO,10,05,18
192559,AMAZONAS,LETICIA (CT),CENTRO (Leticia),12,MASCULINO,10,08,15
197077,AMAZONAS,LETICIA (CT),AGUILA,46,FEMENINO,10,14,4
197611,AMAZONAS,LETICIA (CT),CENTRO (Leticia),16,MASCULINO,10,15,20
197612,AMAZONAS,LETICIA (CT),CENTRO (Leticia),39,FEMENINO,10,15,20
198831,AMAZONAS,LETICIA (CT),SAN MARTIN,53,FEMENINO,10,17,17
201323,AMAZONAS,LETICIA (CT),CENTRO (Leticia),24,MASCULINO,10,20,8
202589,AMAZONAS,LETICIA (CT),CENTRO (Leticia),33,MASCULINO,10,22,10
204090,AMAZONAS,LETICIA (CT),VICTORIA REGIA,60,MASCULINO,10,24,15
207396,AMAZONAS,LETICIA (CT),CENTRO (Leticia),40,MASCULINO,10,28,16
207894,AMAZONAS,LETICIA (CT),AFASINTE,36,MASCULINO,10,29,0
212329,AMAZONAS,LETICIA (CT),CENTRO (Leticia),43,FEMENINO,11,03,19
216492,AMAZONAS,LETICIA (CT),CENTRO (Leticia),27,MASCULINO,11,09,18
218675,AMAZONAS,LETICIA (CT),CENTRO (Leticia),24,FEMENINO,11,12,0
218676,AMAZONAS,LETICIA (CT),PORVENIR,18,MASCULINO,11,12,0
222496,AMAZONAS,LETICIA (CT),CENTRO (Leticia),40,FEMENINO,11,17,4
222497,AMAZONAS,LETICIA (CT),FLORIDA,29,FEMENINO,11,17,4
223318,AMAZONAS,LETICIA (CT),CENTRO (Leticia),55,FEMENINO,11,18,0
225349,AMAZONAS,LETICIA (CT),CENTRO (Leticia),35,FEMENINO,11,21,21
226913,AMAZONAS,LETICIA (CT),CENTRO (Leticia),49,MASCULINO,11,23,11
231979,AMAZONAS,LETICIA (CT),CENTRO (Leticia),36,MASCULINO,11,30,6
232880,AMAZONAS,LETICIA (CT),CENTRO (Leticia),39,FEMENINO,12,01,23
236923,AMAZONAS,LETICIA (CT),AFASINTE,30,MASCULINO,12,06,2
236924,AMAZONAS,LETICIA (CT),JOSE MARIA HERNANDEZ,35,MASCULINO,12,06,0
239736,AMAZONAS,LETICIA (CT),AGUILA,43,MASCULINO,12,10,11
239737,AMAZONAS,LETICIA (CT),CENTRO (Leticia),33,FEMENINO,12,10,13
240466,AMAZONAS,LETICIA (CT),COLOMBIA,41,FEMENINO,12,11,0
243628,AMAZONAS,LETICIA (CT),SIMON BOLIVAR,27,MASCULINO,12,15,22
245859,AMAZONAS,LETICIA (CT),AFASINTE,28,MASCULINO,12,18,16
247387,AMAZONAS,LETICIA (CT),CENTRO (Leticia),22,MASCULINO,12,20,13
251028,AMAZONAS,LETICIA (CT),CENTRO (Leticia),65,MASCULINO,12,25,2
254494,AMAZONAS,LETICIA (CT),CENTRO (Leticia),35,MASCULINO,12,31,1
2140,AMAZONAS,LETICIA (CT),CENTRO (Leticia),24,MASCULINO,01,05,0
3364,AMAZONAS,LETICIA (CT),ESPERANZA,25,MASCULINO,01,07,19
3365,AMAZONAS,LETICIA (CT),UNION,42,MASCULINO,01,07,22
5879,AMAZONAS,LETICIA (CT),PORVENIR,35,FEMENINO,01,11,20
6697,AMAZONAS,LETICIA (CT),VICTORIA REGIA,14,MASCULINO,01,12,14
7870,AMAZONAS,LETICIA (CT),CENTRO (Leticia),21,FEMENINO,01,14,19
16893,AMAZONAS,LETICIA (CT),VICTORIA REGIA,40,FEMENINO,01,26,1
16894,AMAZONAS,LETICIA (CT),MARCELIANO CANYES,27,FEMENINO,01,26,23
25349,AMAZONAS,LETICIA (CT),URIBE URIBE,35,FEMENINO,02,06,21
27946,AMAZONAS,LETICIA (CT),KILOMETRO 11,27,MASCULINO,02,09,16
28765,AMAZONAS,LETICIA (CT),CENTRO (Leticia),37,FEMENINO,02,10,10
29312,AMAZONAS,LETICIA (CT),CENTRO (Leticia),44,MASCULINO,02,11,0
29313,AMAZONAS,LETICIA (CT),JOSE MARIA HERNANDEZ,27,MASCULINO,02,11,11
30922,AMAZONAS,LETICIA (CT),SAN ANTONIO,32,MASCULINO,02,13,10
32668,AMAZONAS,LETICIA (CT),BARRIO NUEVO,12,FEMENINO,02,15,13
32669,AMAZONAS,LETICIA (CT),LA CEIBA,40,MASCULINO,02,15,0
33676,AMAZONAS,LETICIA (CT),IANE,18,FEMENINO,02,16,21
37699,AMAZONAS,LETICIA (CT),BARRIO NUEVO,33,FEMENINO,02,21,18
40839,AMAZONAS,LETICIA (CT),LA SARITA,30,FEMENINO,02,25,18
41595,AMAZONAS,LETICIA (CT),PUERTO ALEGRIA,44,MASCULINO,02,26,16
43328,AMAZONAS,LETICIA (CT),URIBE URIBE,32,FEMENINO,02,28,20
47086,AMAZONAS,LETICIA (CT),GAITAN,57,MASCULINO,03,04,2
48021,AMAZONAS,LETICIA (CT),ESPERANZA,13,MASCULINO,03,05,11
48897,AMAZONAS,LETICIA (CT),VICTORIA REGIA,17,MASCULINO,03,06,12
50678,AMAZONAS,LETICIA (CT),PUNTA BRAVA,38,FEMENINO,03,08,7
53931,AMAZONAS,LETICIA (CT),JOSE MARIA HERNANDEZ,22,MASCULINO,03,12,19
53932,AMAZONAS,LETICIA (CT),CENTRO (Leticia),30,FEMENINO,03,12,17
60057,AMAZONAS,LETICIA (CT),PORVENIR,27,FEMENINO,03,19,14
68034,AMAZONAS,LETICIA (CT),CENTRO (Leticia),24,FEMENINO,03,29,21
68035,AMAZONAS,LETICIA (CT),SAN SEBASTIAN,20,FEMENINO,03,29,15
70569,AMAZONAS,LETICIA (CT),MARCELIANO CANYES,34,FEMENINO,04,01,13
70570,AMAZONAS,LETICIA (CT),GAITAN,31,MASCULINO,04,01,23
73117,AMAZONAS,LETICIA (CT),JOSE MARIA HERNANDEZ,60,MASCULINO,04,04,4
78090,AMAZONAS,LETICIA (CT),NO REPORTADO,55,FEMENINO,04,10,12
79761,AMAZONAS,LETICIA (CT),CENTRO (Leticia),10,FEMENINO,04,12,18
82818,AMAZONAS,LETICIA (CT),ESPERANZA,45,FEMENINO,04,16,15
82819,AMAZONAS,LETICIA (CT),PORVENIR,46,FEMENINO,04,16,19
84282,AMAZONAS,LETICIA (CT),CENTRO (Leticia),21,FEMENINO,04,18,8
84283,AMAZONAS,LETICIA (CT),PORVENIR,41,FEMENINO,04,18,6
85594,AMAZONAS,LETICIA (CT),JARDIN,27,MASCULINO,04,21,7
86018,AMAZONAS,LETICIA (CT),LOS LAGOS,48,MASCULINO,04,22,10
86019,AMAZONAS,LETICIA (CT),MARCELIANO CANYES,28,FEMENINO,04,22,20
86020,AMAZONAS,LETICIA (CT),VICTORIA REGIA,13,MASCULINO,04,22,17
87760,AMAZONAS,LETICIA (CT),JOSE MARIA HERNANDEZ,33,FEMENINO,04,24,19
90710,AMAZONAS,LETICIA (CT),ONCE DE NOVIEMBRE,50,FEMENINO,04,27,5
91716,AMAZONAS,LETICIA (CT),MARCELIANO CANYES,53,FEMENINO,04,28,19
91717,AMAZONAS,LETICIA (CT),IANE,19,MASCULINO,04,28,20
92387,AMAZONAS,LETICIA (CT),CENTRO (Leticia),18,MASCULINO,04,29,14
92388,AMAZONAS,LETICIA (CT),KILOMETROS,28,MASCULINO,04,29,21
94855,AMAZONAS,LETICIA (CT),CENTRO (Leticia),47,MASCULINO,05,02,17
95789,AMAZONAS,LETICIA (CT),CENTRO (Leticia),43,FEMENINO,05,03,9
98347,AMAZONAS,LETICIA (CT),JESUS MARIA FAJARDO,30,FEMENINO,05,06,12
99190,AMAZONAS,LETICIA (CT),CENTRO (Leticia),30,MASCULINO,05,07,19
101867,AMAZONAS,LETICIA (CT),SAN SEBASTIAN,24,MASCULINO,05,10,20
101868,AMAZONAS,LETICIA (CT),CENTRO (Leticia),30,MASCULINO,05,10,3
102870,AMAZONAS,LETICIA (CT),CENTRO (Leticia),33,MASCULINO,05,11,2
108442,AMAZONAS,LETICIA (CT),AFASINTE,32,FEMENINO,05,18,13
113209,AMAZONAS,LETICIA (CT),CENTRO (Leticia),18,MASCULINO,05,24,10
113210,AMAZONAS,LETICIA (CT),VICTORIA REGIA,18,MASCULINO,05,24,10
113211,AMAZONAS,LETICIA (CT),VICTORIA REGIA,22,MASCULINO,05,24,10
113212,AMAZONAS,LETICIA (CT),CENTRO (Leticia),16,FEMENINO,05,24,21
114123,AMAZONAS,LETICIA (CT),ONCE DE NOVIEMBRE,36,MASCULINO,05,25,19
115571,AMAZONAS,LETICIA (CT),LOS LAGOS,26,MASCULINO,05,27,11
117160,AMAZONAS,LETICIA (CT),CENTRO (Leticia),32,FEMENINO,05,29,18
117989,AMAZONAS,LETICIA (CT),COLOMBIA,32,MASCULINO,05,30,3
120734,AMAZONAS,LETICIA (CT),CENTRO (Leticia),66,MASCULINO,06,02,8
121365,AMAZONAS,LETICIA (CT),UNION,50,MASCULINO,06,03,15
121366,AMAZONAS,LETICIA (CT),CENTRO (Leticia),17,FEMENINO,06,03,19
122744,AMAZONAS,LETICIA (CT),KILOMETRO 3,31,MASCULINO,06,05,17
129189,AMAZONAS,LETICIA (CT),SAN MARTIN,12,MASCULINO,06,13,18
129190,AMAZONAS,LETICIA (CT),CENTRO (Leticia),70,MASCULINO,06,13,4
129191,AMAZONAS,LETICIA (CT),KILOMETRO 1,19,MASCULINO,06,13,13
131019,AMAZONAS,LETICIA (CT),CENTRO (Leticia),53,FEMENINO,06,15,19
131020,AMAZONAS,LETICIA (CT),CENTRO (Leticia),57,MASCULINO,06,15,19
131021,AMAZONAS,LETICIA (CT),JOSE MARIA HERNANDEZ,52,FEMENINO,06,15,17
132062,AMAZONAS,LETICIA (CT),MARCELIANO CANYES,39,FEMENINO,06,16,21
135946,AMAZONAS,LETICIA (CT),TAUCHI,20,MASCULINO,06,21,19
139444,AMAZONAS,LETICIA (CT),SAN ANTONIO,48,FEMENINO,06,26,9
140281,AMAZONAS,LETICIA (CT),PORVENIR,16,FEMENINO,06,27,19
142998,AMAZONAS,LETICIA (CT),VICTORIA REGIA,18,MASCULINO,06,30,22
143695,AMAZONAS,LETICIA (CT),PORVENIR,-,MASCULINO,07,01,10
143696,AMAZONAS,LETICIA (CT),KILOMETROS,35,MASCULINO,07,01,3
144343,AMAZONAS,LETICIA (CT),VICTORIA REGIA,23,FEMENINO,07,02,20
149315,AMAZONAS,LETICIA (CT),CENTRO (Leticia),-,MASCULINO,07,08,0
150081,AMAZONAS,LETICIA (CT),CENTRO (Leticia),48,MASCULINO,07,09,8
152598,AMAZONAS,LETICIA (CT),KILOMETROS,56,FEMENINO,07,12,2
155848,AMAZONAS,LETICIA (CT),PORVENIR,51,FEMENINO,07,16,19
158321,AMAZONAS,LETICIA (CT),CENTRO (Leticia),42,FEMENINO,07,19,17
159255,AMAZONAS,LETICIA (CT),CENTRO (Leticia),30,MASCULINO,07,20,1
162848,AMAZONAS,LETICIA (CT),IANE,58,FEMENINO,07,25,8
164689,AMAZONAS,LETICIA (CT),CENTRO (Leticia),25,MASCULINO,07,27,6
164690,AMAZONAS,LETICIA (CT),KILOMETROS,54,MASCULINO,07,27,1
174051,AMAZONAS,LETICIA (CT),VICTORIA REGIA,18,MASCULINO,08,07,20
174052,AMAZONAS,LETICIA (CT),VICTORIA REGIA,19,MASCULINO,08,07,12
179191,AMAZONAS,LETICIA (CT),JOSE MARIA HERNANDEZ,34,FEMENINO,08,13,21
179192,AMAZONAS,LETICIA (CT),PUNTA BRAVA,16,MASCULINO,08,13,7
179193,AMAZONAS,LETICIA (CT),COLOMBIA,47,FEMENINO,08,13,16
179946,AMAZONAS,LETICIA (CT),CENTRO (Leticia),44,FEMENINO,08,14,14
180770,AMAZONAS,LETICIA (CT),KILOMETRO 2,-,MASCULINO,08,15,0
182756,AMAZONAS,LETICIA (CT),CENTRO (Leticia),25,MASCULINO,08,17,16
184402,AMAZONAS,LETICIA (CT),JOSE MARIA HERNANDEZ,30,FEMENINO,08,19,19
184924,AMAZONAS,LETICIA (CT),CENTRO (Leticia),33,MASCULINO,08,20,6
187475,AMAZONAS,LETICIA (CT),AFASINTE,21,MASCULINO,08,23,14
189955,AMAZONAS,LETICIA (CT),CENTRO (Leticia),-,MASCULINO,08,26,0
191653,AMAZONAS,LETICIA (CT),NO REPORTADO,23,FEMENINO,08,28,4
192495,AMAZONAS,LETICIA (CT),CENTRO (Leticia),57,MASCULINO,08,29,17
194396,AMAZONAS,LETICIA (CT),SAN MARTIN,42,FEMENINO,08,31,15
194397,AMAZONAS,LETICIA (CT),AGUILA,31,MASCULINO,08,31,10
195976,AMAZONAS,LETICIA (CT),CENTRO (Leticia),35,MASCULINO,09,02,18
195977,AMAZONAS,LETICIA (CT),CENTRO (Leticia),59,FEMENINO,09,02,15
197714,AMAZONAS,LETICIA (CT),TRES FRONTERAS (Tarapaca),49,MASCULINO,09,04,16
201955,AMAZONAS,LETICIA (CT),PORVENIR,35,FEMENINO,09,09,12
203560,AMAZONAS,LETICIA (CT),JOSE MARIA HERNANDEZ,24,FEMENINO,09,11,11
204419,AMAZONAS,LETICIA (CT),RONDA,26,FEMENINO,09,12,12
210469,AMAZONAS,LETICIA (CT),CENTRO (Leticia),67,FEMENINO,09,19,5
211288,AMAZONAS,LETICIA (CT),CENTRO (Leticia),39,MASCULINO,09,20,20
212321,AMAZONAS,LETICIA (CT),CENTRO (Leticia),35,FEMENINO,09,21,22
213846,AMAZONAS,LETICIA (CT),JOSE MARIA HERNANDEZ,26,FEMENINO,09,23,14
216242,AMAZONAS,LETICIA (CT),SAN ANTONIO,32,FEMENINO,09,26,16
219104,AMAZONAS,LETICIA (CT),CENTRO (Leticia),37,FEMENINO,09,29,7
219105,AMAZONAS,LETICIA (CT),CENTRO (Leticia),27,FEMENINO,09,29,21
224431,AMAZONAS,LETICIA (CT),CENTRO (Leticia),28,FEMENINO,10,05,17
233916,AMAZONAS,LETICIA (CT),GAITAN,36,FEMENINO,10,17,17
234873,AMAZONAS,LETICIA (CT),CENTRO (Leticia),58,MASCULINO,10,18,22
235933,AMAZONAS,LETICIA (CT),ONCE DE NOVIEMBRE,28,MASCULINO,10,19,20
249863,AMAZONAS,LETICIA (CT),PORVENIR,17,MASCULINO,11,04,1
250459,AMAZONAS,LETICIA (CT),GAITAN,28,FEMENINO,11,05,11
253316,AMAZONAS,LETICIA (CT),COLOMBIA,29,MASCULINO,11,08,22
255253,AMAZONAS,LETICIA (CT),ONCE DE NOVIEMBRE,30,MASCULINO,11,10,16
260764,AMAZONAS,LETICIA (CT),CENTRO (Leticia),27,MASCULINO,11,16,22
264235,AMAZONAS,LETICIA (CT),KILOMETROS,24,MASCULINO,11,20,3
268168,AMAZONAS,LETICIA (CT),AFASINTE,28,MASCULINO,11,25,21
269922,AMAZONAS,LETICIA (CT),SAN SEBASTIAN,38,MASCULINO,11,27,9
270775,AMAZONAS,LETICIA (CT),KILOMETRO 4,29,MASCULINO,11,28,14
271723,AMAZONAS,LETICIA (CT),GAITAN,49,FEMENINO,11,29,18
272809,AMAZONAS,LETICIA (CT),VICTORIA REGIA,29,MASCULINO,11,30,12
273956,AMAZONAS,LETICIA (CT),ESPERANZA,39,FEMENINO,12,01,22
280967,AMAZONAS,LETICIA (CT),COSTA RICA,26,FEMENINO,12,08,3
281626,AMAZONAS,LETICIA (CT),CENTRO (Leticia),80,MASCULINO,12,09,11
281627,AMAZONAS,LETICIA (CT),KILOMETROS,26,MASCULINO,12,09,2
283437,AMAZONAS,LETICIA (CT),LOS LAGOS,23,FEMENINO,12,11,21
285322,AMAZONAS,LETICIA (CT),KILOMETRO 2,44,FEMENINO,12,13,0
287285,AMAZONAS,LETICIA (CT),CENTRO (Leticia),35,FEMENINO,12,15,21
292396,AMAZONAS,LETICIA (CT),CENTRO (Leticia),20,FEMENINO,12,21,10
293989,AMAZONAS,LETICIA (CT),CENTRO (Leticia),32,FEMENINO,12,23,10
294832,AMAZONAS,LETICIA (CT),JOSE MARIA HERNANDEZ,29,FEMENINO,12,24,12
295471,AMAZONAS,LETICIA (CT),COLOMBIA,49,MASCULINO,12,25,22
299039,AMAZONAS,LETICIA (CT),KILOMETRO 1,30,MASCULINO,12,30,7
299040,AMAZONAS,LETICIA (CT),URIBE URIBE,19,MASCULINO,12,30,21
